arm,checkpoint,K,ceiling_speedup,actual_speedup,actual_per_slot_accept,target_speedup,reachable,required_per_slot_accept,required_mean_committed,required_full_block_rate,required_tpf
A,step-3200,2,1.323,1.0832,0.583,1.1,True,0.4943,2.4943,0.4943,1.2472
A,step-3200,2,1.323,1.0832,0.583,1.2,True,0.7211,2.7211,0.7211,1.3605
A,step-3200,2,1.323,1.0832,0.583,1.3,True,0.9479,2.9479,0.9479,1.4739
A,step-3200,2,1.323,1.0832,0.583,1.5,False,,,,
A,step-3200,2,1.323,1.0832,0.583,1.75,False,,,,
A,step-3200,2,1.323,1.0832,0.583,2.0,False,,,,
A,step-3200,4,2.0722,1.1208,0.3122,1.1,True,0.4131,2.6542,0.0705,1.3271
A,step-3200,4,2.0722,1.1208,0.3122,1.2,True,0.5074,2.8955,0.1306,1.4478
A,step-3200,4,2.0722,1.1208,0.3122,1.3,True,0.5879,3.1368,0.2032,1.5684
A,step-3200,4,2.0722,1.1208,0.3122,1.5,True,0.7219,3.6194,0.3763,1.8097
A,step-3200,4,2.0722,1.1208,0.3122,1.75,True,0.8574,4.2226,0.6302,2.1113
A,step-3200,4,2.0722,1.1208,0.3122,2.0,True,0.9704,4.8259,0.9138,2.4129
A,step-3200,8,3.327,1.0637,0.1429,1.1,True,0.4957,2.9757,0.0074,1.4879
A,step-3200,8,3.327,1.0637,0.1429,1.2,True,0.5591,3.2462,0.0171,1.6231
A,step-3200,8,3.327,1.0637,0.1429,1.3,True,0.6103,3.5168,0.0315,1.7584
A,step-3200,8,3.327,1.0637,0.1429,1.5,True,0.6897,4.0578,0.0742,2.0289
A,step-3200,8,3.327,1.0637,0.1429,1.75,True,0.7629,4.7341,0.1505,2.367
A,step-3200,8,3.327,1.0637,0.1429,2.0,True,0.8193,5.4104,0.2478,2.7052
A,step-4800,2,1.3274,1.0826,0.6179,1.1,True,0.4861,2.4861,0.4861,1.2431
A,step-4800,2,1.3274,1.0826,0.6179,1.2,True,0.7122,2.7122,0.7122,1.3561
A,step-4800,2,1.3274,1.0826,0.6179,1.3,True,0.9382,2.9382,0.9382,1.4691
A,step-4800,2,1.3274,1.0826,0.6179,1.5,False,,,,
A,step-4800,2,1.3274,1.0826,0.6179,1.75,False,,,,
A,step-4800,2,1.3274,1.0826,0.6179,2.0,False,,,,
A,step-4800,4,2.0749,1.1315,0.3266,1.1,True,0.4116,2.6508,0.0697,1.3254
A,step-4800,4,2.0749,1.1315,0.3266,1.2,True,0.5061,2.8917,0.1296,1.4459
A,step-4800,4,2.0749,1.1315,0.3266,1.3,True,0.5867,3.1327,0.2019,1.5664
A,step-4800,4,2.0749,1.1315,0.3266,1.5,True,0.7208,3.6147,0.3744,1.8073
A,step-4800,4,2.0749,1.1315,0.3266,1.75,True,0.8562,4.2171,0.6277,2.1086
A,step-4800,4,2.0749,1.1315,0.3266,2.0,True,0.9693,4.8196,0.9107,2.4098
A,step-4800,8,3.375,1.0861,0.1554,1.1,True,0.4843,2.9334,0.0063,1.4667
A,step-4800,8,3.375,1.0861,0.1554,1.2,True,0.5492,3.2,0.0151,1.6
A,step-4800,8,3.375,1.0861,0.1554,1.3,True,0.6015,3.4667,0.0285,1.7333
A,step-4800,8,3.375,1.0861,0.1554,1.5,True,0.6823,4.0,0.0689,2.0
A,step-4800,8,3.375,1.0861,0.1554,1.75,True,0.7565,4.6667,0.1419,2.3334
A,step-4800,8,3.375,1.0861,0.1554,2.0,True,0.8135,5.3334,0.2358,2.6667
A,step-6400,2,1.3404,1.0999,0.6107,1.1,True,0.4619,2.4619,0.4619,1.231
A,step-6400,2,1.3404,1.0999,0.6107,1.2,True,0.6857,2.6857,0.6857,1.3429
A,step-6400,2,1.3404,1.0999,0.6107,1.3,True,0.9095,2.9095,0.9095,1.4548
A,step-6400,2,1.3404,1.0999,0.6107,1.5,False,,,,
A,step-6400,2,1.3404,1.0999,0.6107,1.75,False,,,,
A,step-6400,2,1.3404,1.0999,0.6107,2.0,False,,,,
A,step-6400,4,2.081,1.1347,0.3083,1.1,True,0.4083,2.643,0.068,1.3215
A,step-6400,4,2.081,1.1347,0.3083,1.2,True,0.503,2.8833,0.1273,1.4416
A,step-6400,4,2.081,1.1347,0.3083,1.3,True,0.5838,3.1235,0.199,1.5618
A,step-6400,4,2.081,1.1347,0.3083,1.5,True,0.7181,3.6041,0.3703,1.802
A,step-6400,4,2.081,1.1347,0.3083,1.75,True,0.8537,4.2048,0.6222,2.1024
A,step-6400,4,2.081,1.1347,0.3083,2.0,True,0.9669,4.8055,0.9038,2.4027
A,step-6400,8,3.3877,1.0532,0.1388,1.1,True,0.4813,2.9223,0.006,1.4612
A,step-6400,8,3.3877,1.0532,0.1388,1.2,True,0.5466,3.188,0.0146,1.594
A,step-6400,8,3.3877,1.0532,0.1388,1.3,True,0.5992,3.4537,0.0277,1.7269
A,step-6400,8,3.3877,1.0532,0.1388,1.5,True,0.6804,3.9851,0.0675,1.9925
A,step-6400,8,3.3877,1.0532,0.1388,1.75,True,0.7549,4.6493,0.1397,2.3246
A,step-6400,8,3.3877,1.0532,0.1388,2.0,True,0.812,5.3134,0.2327,2.6567
A,step-8000,2,1.3398,1.0661,0.5866,1.1,True,0.4631,2.4631,0.4631,1.2315
A,step-8000,2,1.3398,1.0661,0.5866,1.2,True,0.687,2.687,0.687,1.3435
A,step-8000,2,1.3398,1.0661,0.5866,1.3,True,0.9109,2.9109,0.9109,1.4554
A,step-8000,2,1.3398,1.0661,0.5866,1.5,False,,,,
A,step-8000,2,1.3398,1.0661,0.5866,1.75,False,,,,
A,step-8000,2,1.3398,1.0661,0.5866,2.0,False,,,,
A,step-8000,4,2.0831,1.1355,0.3083,1.1,True,0.4071,2.6403,0.0675,1.3202
A,step-8000,4,2.0831,1.1355,0.3083,1.2,True,0.502,2.8804,0.1265,1.4402
A,step-8000,4,2.0831,1.1355,0.3083,1.3,True,0.5828,3.1204,0.198,1.5602
A,step-8000,4,2.0831,1.1355,0.3083,1.5,True,0.7172,3.6005,0.3689,1.8002
A,step-8000,4,2.0831,1.1355,0.3083,1.75,True,0.8529,4.2005,0.6203,2.1003
A,step-8000,4,2.0831,1.1355,0.3083,2.0,True,0.966,4.8006,0.9015,2.4003
A,step-8000,8,3.3811,1.0478,0.1411,1.1,True,0.4829,2.9281,0.0061,1.464
A,step-8000,8,3.3811,1.0478,0.1411,1.2,True,0.548,3.1942,0.0148,1.5971
A,step-8000,8,3.3811,1.0478,0.1411,1.3,True,0.6004,3.4604,0.0281,1.7302
A,step-8000,8,3.3811,1.0478,0.1411,1.5,True,0.6814,3.9928,0.0682,1.9964
A,step-8000,8,3.3811,1.0478,0.1411,1.75,True,0.7557,4.6583,0.1408,2.3292
A,step-8000,8,3.3811,1.0478,0.1411,2.0,True,0.8128,5.3238,0.2343,2.6619
A,step-9600,2,1.3396,1.1009,0.6237,1.1,True,0.4634,2.4634,0.4634,1.2317
A,step-9600,2,1.3396,1.1009,0.6237,1.2,True,0.6874,2.6874,0.6874,1.3437
A,step-9600,2,1.3396,1.1009,0.6237,1.3,True,0.9113,2.9113,0.9113,1.4557
A,step-9600,2,1.3396,1.1009,0.6237,1.5,False,,,,
A,step-9600,2,1.3396,1.1009,0.6237,1.75,False,,,,
A,step-9600,2,1.3396,1.1009,0.6237,2.0,False,,,,
A,step-9600,4,2.0798,1.1614,0.3293,1.1,True,0.4089,2.6445,0.0684,1.3222
A,step-9600,4,2.0798,1.1614,0.3293,1.2,True,0.5036,2.8849,0.1277,1.4424
A,step-9600,4,2.0798,1.1614,0.3293,1.3,True,0.5843,3.1253,0.1995,1.5627
A,step-9600,4,2.0798,1.1614,0.3293,1.5,True,0.7186,3.6061,0.3711,1.8031
A,step-9600,4,2.0798,1.1614,0.3293,1.75,True,0.8542,4.2071,0.6233,2.1036
A,step-9600,4,2.0798,1.1614,0.3293,2.0,True,0.9673,4.8081,0.9051,2.4041
A,step-9600,8,3.3757,1.0308,0.1528,1.1,True,0.4842,2.9327,0.0062,1.4664
A,step-9600,8,3.3757,1.0308,0.1528,1.2,True,0.5491,3.1993,0.015,1.5997
A,step-9600,8,3.3757,1.0308,0.1528,1.3,True,0.6014,3.4659,0.0285,1.733
A,step-9600,8,3.3757,1.0308,0.1528,1.5,True,0.6822,3.9992,0.0688,1.9996
A,step-9600,8,3.3757,1.0308,0.1528,1.75,True,0.7564,4.6657,0.1417,2.3328
A,step-9600,8,3.3757,1.0308,0.1528,2.0,True,0.8134,5.3323,0.2356,2.6661
A,step-11200,2,1.3406,1.1001,0.5957,1.1,True,0.4616,2.4616,0.4616,1.2308
A,step-11200,2,1.3406,1.1001,0.5957,1.2,True,0.6854,2.6854,0.6854,1.3427
A,step-11200,2,1.3406,1.1001,0.5957,1.3,True,0.9091,2.9091,0.9091,1.4546
A,step-11200,2,1.3406,1.1001,0.5957,1.5,False,,,,
A,step-11200,2,1.3406,1.1001,0.5957,1.75,False,,,,
A,step-11200,2,1.3406,1.1001,0.5957,2.0,False,,,,
A,step-11200,4,2.0789,1.1607,0.336,1.1,True,0.4094,2.6456,0.0686,1.3228
A,step-11200,4,2.0789,1.1607,0.336,1.2,True,0.504,2.8861,0.128,1.443
A,step-11200,4,2.0789,1.1607,0.336,1.3,True,0.5847,3.1266,0.1999,1.5633
A,step-11200,4,2.0789,1.1607,0.336,1.5,True,0.719,3.6076,0.3717,1.8038
A,step-11200,4,2.0789,1.1607,0.336,1.75,True,0.8546,4.2089,0.6241,2.1044
A,step-11200,4,2.0789,1.1607,0.336,2.0,True,0.9677,4.8102,0.9061,2.4051
A,step-11200,8,3.3724,1.0501,0.1534,1.1,True,0.4849,2.9356,0.0063,1.4678
A,step-11200,8,3.3724,1.0501,0.1534,1.2,True,0.5498,3.2025,0.0152,1.6012
A,step-11200,8,3.3724,1.0501,0.1534,1.3,True,0.602,3.4693,0.0287,1.7347
A,step-11200,8,3.3724,1.0501,0.1534,1.5,True,0.6827,4.0031,0.0691,2.0016
A,step-11200,8,3.3724,1.0501,0.1534,1.75,True,0.7569,4.6703,0.1423,2.3352
A,step-11200,8,3.3724,1.0501,0.1534,2.0,True,0.8138,5.3375,0.2364,2.6687
A,step-12800,2,1.3389,1.0995,0.6201,1.1,True,0.4647,2.4647,0.4647,1.2324
A,step-12800,2,1.3389,1.0995,0.6201,1.2,True,0.6888,2.6888,0.6888,1.3444
A,step-12800,2,1.3389,1.0995,0.6201,1.3,True,0.9129,2.9129,0.9129,1.4564
A,step-12800,2,1.3389,1.0995,0.6201,1.5,False,,,,
A,step-12800,2,1.3389,1.0995,0.6201,1.75,False,,,,
A,step-12800,2,1.3389,1.0995,0.6201,2.0,False,,,,
A,step-12800,4,2.0778,1.1638,0.3226,1.1,True,0.41,2.647,0.0689,1.3235
A,step-12800,4,2.0778,1.1638,0.3226,1.2,True,0.5046,2.8877,0.1285,1.4438
A,step-12800,4,2.0778,1.1638,0.3226,1.3,True,0.5853,3.1283,0.2005,1.5642
A,step-12800,4,2.0778,1.1638,0.3226,1.5,True,0.7195,3.6096,0.3725,1.8048
A,step-12800,4,2.0778,1.1638,0.3226,1.75,True,0.855,4.2112,0.6251,2.1056
A,step-12800,4,2.0778,1.1638,0.3226,2.0,True,0.9681,4.8128,0.9074,2.4064
A,step-12800,8,3.3795,1.1016,0.1553,1.1,True,0.4833,2.9295,0.0062,1.4647
A,step-12800,8,3.3795,1.1016,0.1553,1.2,True,0.5483,3.1958,0.0149,1.5979
A,step-12800,8,3.3795,1.1016,0.1553,1.3,True,0.6007,3.4621,0.0282,1.731
A,step-12800,8,3.3795,1.1016,0.1553,1.5,True,0.6816,3.9947,0.0684,1.9974
A,step-12800,8,3.3795,1.1016,0.1553,1.75,True,0.756,4.6605,0.1411,2.3303
A,step-12800,8,3.3795,1.1016,0.1553,2.0,True,0.813,5.3263,0.2347,2.6631
control,untrained,2,1.3181,0.9112,0.1667,1.1,True,0.5035,2.5035,0.5035,1.2518
control,untrained,2,1.3181,0.9112,0.1667,1.2,True,0.7311,2.7311,0.7311,1.3656
control,untrained,2,1.3181,0.9112,0.1667,1.3,True,0.9587,2.9587,0.9587,1.4794
control,untrained,2,1.3181,0.9112,0.1667,1.5,False,,,,
control,untrained,2,1.3181,0.9112,0.1667,1.75,False,,,,
control,untrained,2,1.3181,0.9112,0.1667,2.0,False,,,,
control,untrained,4,2.0262,0.8258,0.0459,1.1,True,0.4382,2.7144,0.0842,1.3572
control,untrained,4,2.0262,0.8258,0.0459,1.2,True,0.5305,2.9612,0.1493,1.4806
control,untrained,4,2.0262,0.8258,0.0459,1.3,True,0.6097,3.208,0.2266,1.604
control,untrained,4,2.0262,0.8258,0.0459,1.5,True,0.7421,3.7015,0.4087,1.8507
control,untrained,4,2.0262,0.8258,0.0459,1.75,True,0.8766,4.3184,0.6735,2.1592
control,untrained,4,2.0262,0.8258,0.0459,2.0,True,0.9891,4.9353,0.9678,2.4677
control,untrained,8,3.2398,0.7453,0.0257,1.1,True,0.516,3.0557,0.0097,1.5279
control,untrained,8,3.2398,0.7453,0.0257,1.2,True,0.5767,3.3335,0.0212,1.6668
control,untrained,8,3.2398,0.7453,0.0257,1.3,True,0.6261,3.6114,0.0377,1.8057
control,untrained,8,3.2398,0.7453,0.0257,1.5,True,0.7031,4.1669,0.0849,2.0835
control,untrained,8,3.2398,0.7453,0.0257,1.75,True,0.7746,4.8614,0.1673,2.4307
control,untrained,8,3.2398,0.7453,0.0257,2.0,True,0.8299,5.5559,0.2711,2.7779
B,step-12800,2,1.3076,1.0703,0.6201,1.1,True,0.5238,2.5238,0.5238,1.2619
B,step-12800,2,1.3076,1.0703,0.6201,1.2,True,0.7532,2.7532,0.7532,1.3766
B,step-12800,2,1.3076,1.0703,0.6201,1.3,True,0.9827,2.9827,0.9827,1.4913
B,step-12800,2,1.3076,1.0703,0.6201,1.5,False,,,,
B,step-12800,2,1.3076,1.0703,0.6201,1.75,False,,,,
B,step-12800,2,1.3076,1.0703,0.6201,2.0,False,,,,
B,step-12800,4,2.032,1.136,0.3226,1.1,True,0.4351,2.7067,0.0824,1.3534
B,step-12800,4,2.032,1.136,0.3226,1.2,True,0.5276,2.9528,0.1469,1.4764
B,step-12800,4,2.032,1.136,0.3226,1.3,True,0.6069,3.1989,0.2236,1.5994
B,step-12800,4,2.032,1.136,0.3226,1.5,True,0.7396,3.691,0.4045,1.8455
B,step-12800,4,2.032,1.136,0.3226,1.75,True,0.8741,4.3062,0.6679,2.1531
B,step-12800,4,2.032,1.136,0.3226,2.0,True,0.9868,4.9213,0.9608,2.4607
B,step-12800,8,3.2818,1.066,0.1553,1.1,True,0.5063,3.0167,0.0085,1.5083
B,step-12800,8,3.2818,1.066,0.1553,1.2,True,0.5682,3.2909,0.0191,1.6455
B,step-12800,8,3.2818,1.066,0.1553,1.3,True,0.6185,3.5651,0.0346,1.7826
B,step-12800,8,3.2818,1.066,0.1553,1.5,True,0.6967,4.1137,0.0796,2.0568
B,step-12800,8,3.2818,1.066,0.1553,1.75,True,0.769,4.7993,0.159,2.3997
B,step-12800,8,3.2818,1.066,0.1553,2.0,True,0.8248,5.4849,0.2596,2.7425
B1,B1-13200,2,1.3094,1.0724,0.5993,1.1,True,0.5202,2.5202,0.5202,1.2601
B1,B1-13200,2,1.3094,1.0724,0.5993,1.2,True,0.7493,2.7493,0.7493,1.3746
B1,B1-13200,2,1.3094,1.0724,0.5993,1.3,True,0.9784,2.9784,0.9784,1.4892
B1,B1-13200,2,1.3094,1.0724,0.5993,1.5,False,,,,
B1,B1-13200,2,1.3094,1.0724,0.5993,1.75,False,,,,
B1,B1-13200,2,1.3094,1.0724,0.5993,2.0,False,,,,
B1,B1-13200,4,2.0357,1.1319,0.3254,1.1,True,0.4331,2.7018,0.0812,1.3509
B1,B1-13200,4,2.0357,1.1319,0.3254,1.2,True,0.5257,2.9474,0.1453,1.4737
B1,B1-13200,4,2.0357,1.1319,0.3254,1.3,True,0.6052,3.1931,0.2216,1.5965
B1,B1-13200,4,2.0357,1.1319,0.3254,1.5,True,0.7379,3.6843,0.4018,1.8422
B1,B1-13200,4,2.0357,1.1319,0.3254,1.75,True,0.8726,4.2983,0.6644,2.1492
B1,B1-13200,4,2.0357,1.1319,0.3254,2.0,True,0.9853,4.9124,0.9564,2.4562
B1,B1-13200,8,3.2879,1.0658,0.1565,1.1,True,0.5048,3.011,0.0084,1.5055
B1,B1-13200,8,3.2879,1.0658,0.1565,1.2,True,0.567,3.2848,0.0188,1.6424
B1,B1-13200,8,3.2879,1.0658,0.1565,1.3,True,0.6174,3.5585,0.0342,1.7792
B1,B1-13200,8,3.2879,1.0658,0.1565,1.5,True,0.6957,4.106,0.0789,2.053
B1,B1-13200,8,3.2879,1.0658,0.1565,1.75,True,0.7682,4.7903,0.1578,2.3952
B1,B1-13200,8,3.2879,1.0658,0.1565,2.0,True,0.824,5.4747,0.258,2.7373
B1,B1-13600,2,1.3104,1.0424,0.5845,1.1,True,0.5184,2.5184,0.5184,1.2592
B1,B1-13600,2,1.3104,1.0424,0.5845,1.2,True,0.7474,2.7474,0.7474,1.3737
B1,B1-13600,2,1.3104,1.0424,0.5845,1.3,True,0.9763,2.9763,0.9763,1.4882
B1,B1-13600,2,1.3104,1.0424,0.5845,1.5,False,,,,
B1,B1-13600,2,1.3104,1.0424,0.5845,1.75,False,,,,
B1,B1-13600,2,1.3104,1.0424,0.5845,2.0,False,,,,
B1,B1-13600,4,2.0306,1.1293,0.3108,1.1,True,0.4358,2.7086,0.0828,1.3543
B1,B1-13600,4,2.0306,1.1293,0.3108,1.2,True,0.5283,2.9548,0.1474,1.4774
B1,B1-13600,4,2.0306,1.1293,0.3108,1.3,True,0.6076,3.2011,0.2243,1.6005
B1,B1-13600,4,2.0306,1.1293,0.3108,1.5,True,0.7402,3.6935,0.4055,1.8468
B1,B1-13600,4,2.0306,1.1293,0.3108,1.75,True,0.8747,4.3091,0.6693,2.1546
B1,B1-13600,4,2.0306,1.1293,0.3108,2.0,True,0.9874,4.9247,0.9625,2.4624
B1,B1-13600,8,3.2873,1.0634,0.1552,1.1,True,0.505,3.0116,0.0084,1.5058
B1,B1-13600,8,3.2873,1.0634,0.1552,1.2,True,0.5671,3.2854,0.0189,1.6427
B1,B1-13600,8,3.2873,1.0634,0.1552,1.3,True,0.6175,3.5592,0.0342,1.7796
B1,B1-13600,8,3.2873,1.0634,0.1552,1.5,True,0.6958,4.1067,0.079,2.0534
B1,B1-13600,8,3.2873,1.0634,0.1552,1.75,True,0.7682,4.7911,0.1579,2.3956
B1,B1-13600,8,3.2873,1.0634,0.1552,2.0,True,0.8241,5.4756,0.2581,2.7378
B1,B1-14400,2,1.3229,1.0534,0.5936,1.1,True,0.4946,2.4946,0.4946,1.2473
B1,B1-14400,2,1.3229,1.0534,0.5936,1.2,True,0.7214,2.7214,0.7214,1.3607
B1,B1-14400,2,1.3229,1.0534,0.5936,1.3,True,0.9482,2.9482,0.9482,1.4741
B1,B1-14400,2,1.3229,1.0534,0.5936,1.5,False,,,,
B1,B1-14400,2,1.3229,1.0534,0.5936,1.75,False,,,,
B1,B1-14400,2,1.3229,1.0534,0.5936,2.0,False,,,,
B1,B1-14400,4,2.0501,1.1292,0.3226,1.1,True,0.4251,2.6827,0.0768,1.3414
B1,B1-14400,4,2.0501,1.1292,0.3226,1.2,True,0.5185,2.9266,0.1394,1.4633
B1,B1-14400,4,2.0501,1.1292,0.3226,1.3,True,0.5983,3.1705,0.2142,1.5853
B1,B1-14400,4,2.0501,1.1292,0.3226,1.5,True,0.7316,3.6583,0.3915,1.8291
B1,B1-14400,4,2.0501,1.1292,0.3226,1.75,True,0.8665,4.268,0.6506,2.134
B1,B1-14400,4,2.0501,1.1292,0.3226,2.0,True,0.9793,4.8777,0.9393,2.4389
B1,B1-14400,8,3.312,1.0272,0.1499,1.1,True,0.4992,2.9892,0.0077,1.4946
B1,B1-14400,8,3.312,1.0272,0.1499,1.2,True,0.5621,3.2609,0.0177,1.6305
B1,B1-14400,8,3.312,1.0272,0.1499,1.3,True,0.613,3.5327,0.0325,1.7663
B1,B1-14400,8,3.312,1.0272,0.1499,1.5,True,0.692,4.0762,0.076,2.0381
B1,B1-14400,8,3.312,1.0272,0.1499,1.75,True,0.7649,4.7555,0.1532,2.3778
B1,B1-14400,8,3.312,1.0272,0.1499,2.0,True,0.8211,5.435,0.2517,2.7175
B1,B1-16000,2,1.3238,1.089,0.6179,1.1,True,0.4928,2.4928,0.4928,1.2464
B1,B1-16000,2,1.3238,1.089,0.6179,1.2,True,0.7194,2.7194,0.7194,1.3597
B1,B1-16000,2,1.3238,1.089,0.6179,1.3,True,0.946,2.946,0.946,1.473
B1,B1-16000,2,1.3238,1.089,0.6179,1.5,False,,,,
B1,B1-16000,2,1.3238,1.089,0.6179,1.75,False,,,,
B1,B1-16000,2,1.3238,1.089,0.6179,2.0,False,,,,
B1,B1-16000,4,2.0499,1.1946,0.3525,1.1,True,0.4253,2.6831,0.0769,1.3415
B1,B1-16000,4,2.0499,1.1946,0.3525,1.2,True,0.5186,2.927,0.1395,1.4635
B1,B1-16000,4,2.0499,1.1946,0.3525,1.3,True,0.5984,3.1709,0.2143,1.5854
B1,B1-16000,4,2.0499,1.1946,0.3525,1.5,True,0.7317,3.6587,0.3917,1.8294
B1,B1-16000,4,2.0499,1.1946,0.3525,1.75,True,0.8666,4.2685,0.6508,2.1342
B1,B1-16000,4,2.0499,1.1946,0.3525,2.0,True,0.9794,4.8783,0.9396,2.4391
B1,B1-16000,8,3.3053,1.0875,0.157,1.1,True,0.5008,2.9952,0.0079,1.4976
B1,B1-16000,8,3.3053,1.0875,0.157,1.2,True,0.5635,3.2675,0.018,1.6337
B1,B1-16000,8,3.3053,1.0875,0.157,1.3,True,0.6142,3.5397,0.033,1.7699
B1,B1-16000,8,3.3053,1.0875,0.157,1.5,True,0.693,4.0843,0.0768,2.0422
B1,B1-16000,8,3.3053,1.0875,0.157,1.75,True,0.7658,4.7651,0.1545,2.3825
B1,B1-16000,8,3.3053,1.0875,0.157,2.0,True,0.8219,5.4458,0.2534,2.7229
B2,B2k6-14400,2,1.3229,1.0536,0.583,1.1,True,0.4945,2.4945,0.4945,1.2473
B2,B2k6-14400,2,1.3229,1.0536,0.583,1.2,True,0.7213,2.7213,0.7213,1.3606
B2,B2k6-14400,2,1.3229,1.0536,0.583,1.3,True,0.9481,2.9481,0.9481,1.474
B2,B2k6-14400,2,1.3229,1.0536,0.583,1.5,False,,,,
B2,B2k6-14400,2,1.3229,1.0536,0.583,1.75,False,,,,
B2,B2k6-14400,2,1.3229,1.0536,0.583,2.0,False,,,,
B2,B2k6-14400,4,2.048,1.1232,0.3293,1.1,True,0.4263,2.6855,0.0775,1.3428
B2,B2k6-14400,4,2.048,1.1232,0.3293,1.2,True,0.5195,2.9297,0.1402,1.4648
B2,B2k6-14400,4,2.048,1.1232,0.3293,1.3,True,0.5993,3.1738,0.2153,1.5869
B2,B2k6-14400,4,2.048,1.1232,0.3293,1.5,True,0.7325,3.6621,0.393,1.8311
B2,B2k6-14400,4,2.048,1.1232,0.3293,1.75,True,0.8674,4.2724,0.6526,2.1362
B2,B2k6-14400,4,2.048,1.1232,0.3293,2.0,True,0.9802,4.8828,0.9418,2.4414
B2,B2k6-14400,8,3.3093,1.0724,0.1565,1.1,True,0.4999,2.9916,0.0078,1.4958
B2,B2k6-14400,8,3.3093,1.0724,0.1565,1.2,True,0.5627,3.2636,0.0179,1.6318
B2,B2k6-14400,8,3.3093,1.0724,0.1565,1.3,True,0.6135,3.5355,0.0327,1.7678
B2,B2k6-14400,8,3.3093,1.0724,0.1565,1.5,True,0.6924,4.0795,0.0763,2.0397
B2,B2k6-14400,8,3.3093,1.0724,0.1565,1.75,True,0.7653,4.7594,0.1537,2.3797
B2,B2k6-14400,8,3.3093,1.0724,0.1565,2.0,True,0.8214,5.4393,0.2524,2.7197
B2,B2k8-14800,2,1.3221,1.0454,0.5866,1.1,True,0.496,2.496,0.496,1.248
B2,B2k8-14800,2,1.3221,1.0454,0.5866,1.2,True,0.723,2.723,0.723,1.3615
B2,B2k8-14800,2,1.3221,1.0454,0.5866,1.3,True,0.9499,2.9499,0.9499,1.4749
B2,B2k8-14800,2,1.3221,1.0454,0.5866,1.5,False,,,,
B2,B2k8-14800,2,1.3221,1.0454,0.5866,1.75,False,,,,
B2,B2k8-14800,2,1.3221,1.0454,0.5866,2.0,False,,,,
B2,B2k8-14800,4,2.0474,1.1148,0.3201,1.1,True,0.4266,2.6863,0.0777,1.3432
B2,B2k8-14800,4,2.0474,1.1148,0.3201,1.2,True,0.5198,2.9305,0.1405,1.4653
B2,B2k8-14800,4,2.0474,1.1148,0.3201,1.3,True,0.5996,3.1747,0.2156,1.5874
B2,B2k8-14800,4,2.0474,1.1148,0.3201,1.5,True,0.7328,3.6632,0.3935,1.8316
B2,B2k8-14800,4,2.0474,1.1148,0.3201,1.75,True,0.8677,4.2737,0.6532,2.1369
B2,B2k8-14800,4,2.0474,1.1148,0.3201,2.0,True,0.9805,4.8842,0.9425,2.4421
B2,B2k8-14800,8,3.3081,1.0239,0.1481,1.1,True,0.5001,2.9926,0.0078,1.4963
B2,B2k8-14800,8,3.3081,1.0239,0.1481,1.2,True,0.5629,3.2647,0.0179,1.6323
B2,B2k8-14800,8,3.3081,1.0239,0.1481,1.3,True,0.6137,3.5368,0.0328,1.7684
B2,B2k8-14800,8,3.3081,1.0239,0.1481,1.5,True,0.6926,4.0809,0.0765,2.0404
B2,B2k8-14800,8,3.3081,1.0239,0.1481,1.75,True,0.7654,4.761,0.154,2.3805
B2,B2k8-14800,8,3.3081,1.0239,0.1481,2.0,True,0.8216,5.4412,0.2526,2.7206
B2,B2k8-16000,2,1.3227,1.0882,0.6237,1.1,True,0.4949,2.4949,0.4949,1.2475
B2,B2k8-16000,2,1.3227,1.0882,0.6237,1.2,True,0.7217,2.7217,0.7217,1.3609
B2,B2k8-16000,2,1.3227,1.0882,0.6237,1.3,True,0.9485,2.9485,0.9485,1.4743
B2,B2k8-16000,2,1.3227,1.0882,0.6237,1.5,False,,,,
B2,B2k8-16000,2,1.3227,1.0882,0.6237,1.75,False,,,,
B2,B2k8-16000,2,1.3227,1.0882,0.6237,2.0,False,,,,
B2,B2k8-16000,4,2.0478,1.1851,0.3484,1.1,True,0.4264,2.6858,0.0775,1.3429
B2,B2k8-16000,4,2.0478,1.1851,0.3484,1.2,True,0.5196,2.93,0.1403,1.465
B2,B2k8-16000,4,2.0478,1.1851,0.3484,1.3,True,0.5994,3.1741,0.2154,1.5871
B2,B2k8-16000,4,2.0478,1.1851,0.3484,1.5,True,0.7326,3.6625,0.3932,1.8312
B2,B2k8-16000,4,2.0478,1.1851,0.3484,1.75,True,0.8675,4.2729,0.6528,2.1365
B2,B2k8-16000,4,2.0478,1.1851,0.3484,2.0,True,0.9803,4.8833,0.942,2.4417
B2,B2k8-16000,8,3.31,1.0736,0.1633,1.1,True,0.4997,2.9909,0.0078,1.4955
B2,B2k8-16000,8,3.31,1.0736,0.1633,1.2,True,0.5625,3.2628,0.0178,1.6314
B2,B2k8-16000,8,3.31,1.0736,0.1633,1.3,True,0.6134,3.5347,0.0327,1.7674
B2,B2k8-16000,8,3.31,1.0736,0.1633,1.5,True,0.6923,4.0785,0.0762,2.0393
B2,B2k8-16000,8,3.31,1.0736,0.1633,1.75,True,0.7652,4.7583,0.1536,2.3792
B2,B2k8-16000,8,3.31,1.0736,0.1633,2.0,True,0.8213,5.4381,0.2522,2.719
