arm,checkpoint,step,K,ms_per_slot,slot_fit_r2,slot,marginal_tokens,break_even_tokens,pays_for_itself,cycle_ms_at_this_block
A,step-3200,3200,2,1.4908,1.0,1,0.58304,0.06648,True,44.8485
A,step-3200,3200,4,1.4908,1.0,1,0.61111,0.0665,True,44.8373
A,step-3200,3200,4,1.4908,1.0,2,0.25,0.08402,True,46.3281
A,step-3200,3200,4,1.4908,1.0,3,0.0754,0.0892,False,47.8189
A,step-3200,3200,8,1.4908,1.0,1,0.62195,0.06649,True,44.8462
A,step-3200,3200,8,1.4908,1.0,2,0.2561,0.08436,True,46.337
A,step-3200,3200,8,1.4908,1.0,3,0.08537,0.08971,False,47.8278
A,step-3200,3200,8,1.4908,1.0,4,0.02846,0.08958,False,49.3186
A,step-3200,3200,8,1.4908,1.0,5,0.00813,0.08778,False,50.8094
A,step-3200,3200,8,1.4908,1.0,6,0.0,0.08551,False,52.3002
A,step-3200,3200,8,1.4908,1.0,7,0.0,0.08314,False,53.791
A,step-4800,4800,2,1.3743,0.99848,1,0.61786,0.06134,True,44.8127
A,step-4800,4800,4,1.3743,0.99848,1,0.62903,0.06091,True,45.1222
A,step-4800,4800,4,1.3743,0.99848,2,0.2621,0.07771,True,46.4965
A,step-4800,4800,4,1.3743,0.99848,3,0.08871,0.083,True,47.8708
A,step-4800,4800,8,1.3743,0.99848,1,0.625,0.06125,True,44.8747
A,step-4800,4800,8,1.3743,0.99848,2,0.32917,0.078,True,46.249
A,step-4800,4800,8,1.3743,0.99848,3,0.08333,0.08525,False,47.6233
A,step-4800,4800,8,1.3743,0.99848,4,0.04167,0.0852,False,48.9976
A,step-4800,4800,8,1.3743,0.99848,5,0.00833,0.08401,False,50.3719
A,step-4800,4800,8,1.3743,0.99848,6,0.0,0.082,False,51.7462
A,step-4800,4800,8,1.3743,0.99848,7,0.0,0.07988,False,53.1205
A,step-6400,6400,2,1.4073,0.99545,1,0.61071,0.06349,True,44.3295
A,step-6400,6400,4,1.4073,0.99545,1,0.61265,0.06272,True,44.8791
A,step-6400,6400,4,1.4073,0.99545,2,0.25296,0.07944,True,46.2864
A,step-6400,6400,4,1.4073,0.99545,3,0.05929,0.08456,False,47.6937
A,step-6400,6400,8,1.4073,0.99545,1,0.59839,0.06334,True,44.4396
A,step-6400,6400,8,1.4073,0.99545,2,0.27711,0.07976,True,45.8469
A,step-6400,6400,8,1.4073,0.99545,3,0.06024,0.08564,False,47.2542
A,step-6400,6400,8,1.4073,0.99545,4,0.02811,0.0849,False,48.6615
A,step-6400,6400,8,1.4073,0.99545,5,0.00803,0.08331,False,50.0688
A,step-6400,6400,8,1.4073,0.99545,6,0.0,0.08125,False,51.4761
A,step-6400,6400,8,1.4073,0.99545,7,0.0,0.07909,False,52.8834
A,step-8000,8000,2,1.425,0.9971,1,0.58657,0.06429,True,44.333
A,step-8000,8000,4,1.425,0.9971,1,0.6166,0.06365,True,44.7767
A,step-8000,8000,4,1.425,0.9971,2,0.23715,0.0807,True,46.2017
A,step-8000,8000,4,1.425,0.9971,3,0.07115,0.08538,False,47.6267
A,step-8000,8000,8,1.425,0.9971,1,0.60887,0.06416,True,44.4218
A,step-8000,8000,8,1.425,0.9971,2,0.27823,0.08109,True,45.8468
A,step-8000,8000,8,1.425,0.9971,3,0.06855,0.08703,False,47.2718
A,step-8000,8000,8,1.425,0.9971,4,0.02419,0.08649,False,48.6968
A,step-8000,8000,8,1.425,0.9971,5,0.00806,0.08472,False,50.1218
A,step-8000,8000,8,1.425,0.9971,6,0.0,0.0826,False,51.5468
A,step-8000,8000,8,1.425,0.9971,7,0.0,0.08038,False,52.9718
A,step-9600,9600,2,1.4366,0.99652,1,0.62366,0.06482,True,44.3288
A,step-9600,9600,4,1.4366,0.99652,1,0.6371,0.06411,True,44.8186
A,step-9600,9600,4,1.4366,0.99652,2,0.26613,0.0819,True,46.2552
A,step-9600,9600,4,1.4366,0.99652,3,0.08468,0.08745,False,47.6918
A,step-9600,9600,8,1.4366,0.99652,1,0.62857,0.06467,True,44.4271
A,step-9600,9600,8,1.4366,0.99652,2,0.30612,0.08234,True,45.8637
A,step-9600,9600,8,1.4366,0.99652,3,0.07347,0.08913,False,47.3003
A,step-9600,9600,8,1.4366,0.99652,4,0.04082,0.08867,False,48.7369
A,step-9600,9600,8,1.4366,0.99652,5,0.00816,0.0873,False,50.1735
A,step-9600,9600,8,1.4366,0.99652,6,0.00816,0.0851,False,51.6101
A,step-9600,9600,8,1.4366,0.99652,7,0.00408,0.08301,False,53.0467
A,step-11200,11200,2,1.4504,0.99619,1,0.59574,0.06551,True,44.2803
A,step-11200,11200,4,1.4504,0.99619,1,0.64659,0.06475,True,44.798
A,step-11200,11200,4,1.4504,0.99619,2,0.26908,0.083,True,46.2484
A,step-11200,11200,4,1.4504,0.99619,3,0.09237,0.08866,True,47.6988
A,step-11200,11200,8,1.4504,0.99619,1,0.62295,0.06536,True,44.384
A,step-11200,11200,8,1.4504,0.99619,2,0.28689,0.083,True,45.8344
A,step-11200,11200,8,1.4504,0.99619,3,0.10656,0.08926,True,47.2848
A,step-11200,11200,8,1.4504,0.99619,4,0.03279,0.08977,False,48.7352
A,step-11200,11200,8,1.4504,0.99619,5,0.0123,0.08812,False,50.1856
A,step-11200,11200,8,1.4504,0.99619,6,0.0082,0.08599,False,51.636
A,step-11200,11200,8,1.4504,0.99619,7,0.0041,0.08387,False,53.0864
A,step-12800,12800,2,1.4207,0.9956,1,0.62007,0.06404,True,44.3687
A,step-12800,12800,4,1.4207,0.9956,1,0.62651,0.06326,True,44.914
A,step-12800,12800,4,1.4207,0.9956,2,0.26908,0.08053,True,46.3347
A,step-12800,12800,4,1.4207,0.9956,3,0.07229,0.08614,False,47.7554
A,step-12800,12800,8,1.4207,0.9956,1,0.64315,0.06388,True,44.4779
A,step-12800,12800,8,1.4207,0.9956,2,0.29461,0.08181,True,45.8986
A,step-12800,12800,8,1.4207,0.9956,3,0.09129,0.0882,True,47.3193
A,step-12800,12800,8,1.4207,0.9956,4,0.04564,0.08829,False,48.74
A,step-12800,12800,8,1.4207,0.9956,5,0.01245,0.08708,False,50.1607
A,step-12800,12800,8,1.4207,0.9956,6,0.0,0.08503,False,51.5814
A,step-12800,12800,8,1.4207,0.9956,7,0.0,0.08275,False,53.0021
control,untrained,0,2,1.6742,0.99702,1,0.16667,0.0755,True,44.3504
control,untrained,0,4,1.6742,0.99702,1,0.12903,0.07461,True,44.8785
control,untrained,0,4,1.6742,0.99702,2,0.0088,0.07657,False,46.5527
control,untrained,0,4,1.6742,0.99702,3,0.0,0.07421,False,48.2269
control,untrained,0,8,1.6742,0.99702,1,0.17365,0.07532,True,44.4564
control,untrained,0,8,1.6742,0.99702,2,0.00599,0.07889,False,46.1306
control,untrained,0,8,1.6742,0.99702,3,0.0,0.07633,False,47.8048
control,untrained,0,8,1.6742,0.99702,4,0.0,0.07375,False,49.479
control,untrained,0,8,1.6742,0.99702,5,0.0,0.07134,False,51.1532
control,untrained,0,8,1.6742,0.99702,6,0.0,0.06908,False,52.8274
control,untrained,0,8,1.6742,0.99702,7,0.0,0.06695,False,54.5016
B,step-12800,12800,2,1.4979,0.9982,1,0.62007,0.06672,True,44.8988
B,step-12800,12800,4,1.4979,0.9982,1,0.62651,0.06618,True,45.2661
B,step-12800,12800,4,1.4979,0.9982,2,0.26908,0.08413,True,46.764
B,step-12800,12800,4,1.4979,0.9982,3,0.07229,0.08987,False,48.2619
B,step-12800,12800,8,1.4979,0.9982,1,0.64315,0.06661,True,44.9722
B,step-12800,12800,8,1.4979,0.9982,2,0.29461,0.0852,True,46.4701
B,step-12800,12800,8,1.4979,0.9982,3,0.09129,0.09174,False,47.968
B,step-12800,12800,8,1.4979,0.9982,4,0.04564,0.09172,False,49.4659
B,step-12800,12800,8,1.4979,0.9982,5,0.01245,0.09037,False,50.9638
B,step-12800,12800,8,1.4979,0.9982,6,0.0,0.08814,False,52.4617
B,step-12800,12800,8,1.4979,0.9982,7,0.0,0.0857,False,53.9596
B1,B1-13200,13200,2,1.492,0.99831,1,0.59929,0.06655,True,44.8386
B1,B1-13200,13200,4,1.492,0.99831,1,0.61355,0.06603,True,45.1934
B1,B1-13200,13200,4,1.492,0.99831,2,0.29084,0.08353,True,46.6854
B1,B1-13200,13200,4,1.492,0.99831,3,0.07171,0.08995,False,48.1774
B1,B1-13200,13200,8,1.492,0.99831,1,0.62917,0.06644,True,44.9099
B1,B1-13200,13200,8,1.492,0.99831,2,0.32917,0.08454,True,46.4019
B1,B1-13200,13200,8,1.492,0.99831,3,0.09167,0.09216,False,47.8939
B1,B1-13200,13200,8,1.492,0.99831,4,0.04167,0.09214,False,49.3859
B1,B1-13200,13200,8,1.492,0.99831,5,0.00417,0.09066,False,50.8779
B1,B1-13200,13200,8,1.492,0.99831,6,0.0,0.0882,False,52.3699
B1,B1-13200,13200,8,1.492,0.99831,7,0.0,0.08576,False,53.8619
B1,B1-13600,13600,2,1.4941,0.99654,1,0.58451,0.0667,True,44.8039
B1,B1-13600,13600,4,1.4941,0.99654,1,0.5873,0.06595,True,45.3118
B1,B1-13600,13600,4,1.4941,0.99654,2,0.28175,0.08259,True,46.8059
B1,B1-13600,13600,4,1.4941,0.99654,3,0.06349,0.08875,False,48.3
B1,B1-13600,13600,8,1.4941,0.99654,1,0.61728,0.06654,True,44.9051
B1,B1-13600,13600,8,1.4941,0.99654,2,0.31276,0.08428,True,46.3992
B1,B1-13600,13600,8,1.4941,0.99654,3,0.09465,0.09141,True,47.8933
B1,B1-13600,13600,8,1.4941,0.99654,4,0.04527,0.0915,False,49.3874
B1,B1-13600,13600,8,1.4941,0.99654,5,0.01646,0.09015,False,50.8815
B1,B1-13600,13600,8,1.4941,0.99654,6,0.0,0.08805,False,52.3756
B1,B1-13600,13600,8,1.4941,0.99654,7,0.0,0.0856,False,53.8697
B1,B1-14400,14400,2,1.5001,0.99721,1,0.59364,0.06763,True,44.3603
B1,B1-14400,14400,4,1.5001,0.99721,1,0.59036,0.06694,True,44.8185
B1,B1-14400,14400,4,1.5001,0.99721,2,0.28514,0.08389,True,46.3186
B1,B1-14400,14400,4,1.5001,0.99721,3,0.09237,0.09021,True,47.8187
B1,B1-14400,14400,8,1.5001,0.99721,1,0.59671,0.06749,True,44.4518
B1,B1-14400,14400,8,1.5001,0.99721,2,0.2716,0.08477,True,45.9519
B1,B1-14400,14400,8,1.5001,0.99721,3,0.107,0.09068,True,47.452
B1,B1-14400,14400,8,1.5001,0.99721,4,0.05761,0.09118,False,48.9521
B1,B1-14400,14400,8,1.5001,0.99721,5,0.01646,0.09018,False,50.4522
B1,B1-14400,14400,8,1.5001,0.99721,6,0.0,0.08805,False,51.9523
B1,B1-14400,14400,8,1.5001,0.99721,7,0.0,0.08558,False,53.4524
B1,B1-16000,16000,2,1.5244,0.9974,1,0.61786,0.06882,True,44.3018
B1,B1-16000,16000,4,1.5244,0.9974,1,0.63934,0.06813,True,44.7513
B1,B1-16000,16000,4,1.5244,0.9974,2,0.30328,0.08694,True,46.2757
B1,B1-16000,16000,4,1.5244,0.9974,3,0.11475,0.09384,True,47.8001
B1,B1-16000,16000,8,1.5244,0.9974,1,0.59917,0.06868,True,44.3915
B1,B1-16000,16000,8,1.5244,0.9974,2,0.31818,0.08629,True,45.9159
B1,B1-16000,16000,8,1.5244,0.9974,3,0.11157,0.09374,True,47.4403
B1,B1-16000,16000,8,1.5244,0.9974,4,0.06198,0.0943,False,48.9647
B1,B1-16000,16000,8,1.5244,0.9974,5,0.00826,0.09332,False,50.4891
B1,B1-16000,16000,8,1.5244,0.9974,6,0.0,0.09083,False,52.0135
B1,B1-16000,16000,8,1.5244,0.9974,7,0.0,0.08824,False,53.5379
B2,B2k6-14400,14400,2,1.5064,0.99672,1,0.58304,0.06793,True,44.3522
B2,B2k6-14400,14400,4,1.5064,0.99672,1,0.60484,0.06717,True,44.8511
B2,B2k6-14400,14400,4,1.5064,0.99672,2,0.28629,0.08465,True,46.3575
B2,B2k6-14400,14400,4,1.5064,0.99672,3,0.09677,0.09099,True,47.8639
B2,B2k6-14400,14400,8,1.5064,0.99672,1,0.59583,0.06778,True,44.4522
B2,B2k6-14400,14400,8,1.5064,0.99672,2,0.32917,0.08508,True,45.9586
B2,B2k6-14400,14400,8,1.5064,0.99672,3,0.10833,0.09283,True,47.465
B2,B2k6-14400,14400,8,1.5064,0.99672,4,0.05,0.09331,False,48.9714
B2,B2k6-14400,14400,8,1.5064,0.99672,5,0.00833,0.09202,False,50.4778
B2,B2k6-14400,14400,8,1.5064,0.99672,6,0.00417,0.08959,False,51.9842
B2,B2k6-14400,14400,8,1.5064,0.99672,7,0.0,0.08718,False,53.4906
B2,B2k8-14800,14800,2,1.5053,0.99686,1,0.58657,0.06783,True,44.3814
B2,B2k8-14800,14800,4,1.5053,0.99686,1,0.59761,0.0671,True,44.8688
B2,B2k8-14800,14800,4,1.5053,0.99686,2,0.2749,0.08432,True,46.3741
B2,B2k8-14800,14800,4,1.5053,0.99686,3,0.08765,0.09031,False,47.8794
B2,B2k8-14800,14800,8,1.5053,0.99686,1,0.5935,0.06769,True,44.4788
B2,B2k8-14800,14800,8,1.5053,0.99686,2,0.29268,0.0849,True,45.9841
B2,B2k8-14800,14800,8,1.5053,0.99686,3,0.10569,0.09148,True,47.4894
B2,B2k8-14800,14800,8,1.5053,0.99686,4,0.04065,0.09192,False,48.9947
B2,B2k8-14800,14800,8,1.5053,0.99686,5,0.00407,0.09039,False,50.5
B2,B2k8-14800,14800,8,1.5053,0.99686,6,0.0,0.08789,False,52.0053
B2,B2k8-14800,14800,8,1.5053,0.99686,7,0.0,0.08542,False,53.5106
B2,B2k8-16000,16000,2,1.503,0.99665,1,0.62366,0.06776,True,44.3631
B2,B2k8-16000,16000,4,1.503,0.99665,1,0.62705,0.067,True,44.8663
B2,B2k8-16000,16000,4,1.503,0.99665,2,0.31557,0.08515,True,46.3693
B2,B2k8-16000,16000,4,1.503,0.99665,3,0.10246,0.09239,True,47.8723
B2,B2k8-16000,16000,8,1.503,0.99665,1,0.63025,0.06761,True,44.4636
B2,B2k8-16000,16000,8,1.503,0.99665,2,0.32773,0.086,True,45.9666
B2,B2k8-16000,16000,8,1.503,0.99665,3,0.10924,0.09366,True,47.4696
B2,B2k8-16000,16000,8,1.503,0.99665,4,0.05882,0.09413,False,48.9726
B2,B2k8-16000,16000,8,1.503,0.99665,5,0.01261,0.09308,False,50.4756
B2,B2k8-16000,16000,8,1.503,0.99665,6,0.0042,0.09076,False,51.9786
B2,B2k8-16000,16000,8,1.503,0.99665,7,0.0,0.08832,False,53.4816
