arm,checkpoint,step,K,j,p_accepted_ge_j,mean_accepted_specs,mean_committed_tokens
A,step-3200,3200,2,1,0.58304,0.58304,2.58304
A,step-3200,3200,4,1,0.61111,0.93651,2.93651
A,step-3200,3200,4,2,0.25,0.93651,2.93651
A,step-3200,3200,4,3,0.0754,0.93651,2.93651
A,step-3200,3200,8,1,0.62195,1.0,3.0
A,step-3200,3200,8,2,0.2561,1.0,3.0
A,step-3200,3200,8,3,0.08537,1.0,3.0
A,step-3200,3200,8,4,0.02846,1.0,3.0
A,step-3200,3200,8,5,0.00813,1.0,3.0
A,step-3200,3200,8,6,0.0,1.0,3.0
A,step-3200,3200,8,7,0.0,1.0,3.0
A,step-4800,4800,2,1,0.61786,0.61786,2.61786
A,step-4800,4800,4,1,0.62903,0.97984,2.97984
A,step-4800,4800,4,2,0.2621,0.97984,2.97984
A,step-4800,4800,4,3,0.08871,0.97984,2.97984
A,step-4800,4800,8,1,0.625,1.0875,3.0875
A,step-4800,4800,8,2,0.32917,1.0875,3.0875
A,step-4800,4800,8,3,0.08333,1.0875,3.0875
A,step-4800,4800,8,4,0.04167,1.0875,3.0875
A,step-4800,4800,8,5,0.00833,1.0875,3.0875
A,step-4800,4800,8,6,0.0,1.0875,3.0875
A,step-4800,4800,8,7,0.0,1.0875,3.0875
A,step-6400,6400,2,1,0.61071,0.61071,2.61071
A,step-6400,6400,4,1,0.61265,0.9249,2.9249
A,step-6400,6400,4,2,0.25296,0.9249,2.9249
A,step-6400,6400,4,3,0.05929,0.9249,2.9249
A,step-6400,6400,8,1,0.59839,0.97189,2.97189
A,step-6400,6400,8,2,0.27711,0.97189,2.97189
A,step-6400,6400,8,3,0.06024,0.97189,2.97189
A,step-6400,6400,8,4,0.02811,0.97189,2.97189
A,step-6400,6400,8,5,0.00803,0.97189,2.97189
A,step-6400,6400,8,6,0.0,0.97189,2.97189
A,step-6400,6400,8,7,0.0,0.97189,2.97189
A,step-8000,8000,2,1,0.58657,0.58657,2.58657
A,step-8000,8000,4,1,0.6166,0.9249,2.9249
A,step-8000,8000,4,2,0.23715,0.9249,2.9249
A,step-8000,8000,4,3,0.07115,0.9249,2.9249
A,step-8000,8000,8,1,0.60887,0.9879,2.9879
A,step-8000,8000,8,2,0.27823,0.9879,2.9879
A,step-8000,8000,8,3,0.06855,0.9879,2.9879
A,step-8000,8000,8,4,0.02419,0.9879,2.9879
A,step-8000,8000,8,5,0.00806,0.9879,2.9879
A,step-8000,8000,8,6,0.0,0.9879,2.9879
A,step-8000,8000,8,7,0.0,0.9879,2.9879
A,step-9600,9600,2,1,0.62366,0.62366,2.62366
A,step-9600,9600,4,1,0.6371,0.9879,2.9879
A,step-9600,9600,4,2,0.26613,0.9879,2.9879
A,step-9600,9600,4,3,0.08468,0.9879,2.9879
A,step-9600,9600,8,1,0.62857,1.06939,3.06939
A,step-9600,9600,8,2,0.30612,1.06939,3.06939
A,step-9600,9600,8,3,0.07347,1.06939,3.06939
A,step-9600,9600,8,4,0.04082,1.06939,3.06939
A,step-9600,9600,8,5,0.00816,1.06939,3.06939
A,step-9600,9600,8,6,0.00816,1.06939,3.06939
A,step-9600,9600,8,7,0.00408,1.06939,3.06939
A,step-11200,11200,2,1,0.59574,0.59574,2.59574
A,step-11200,11200,4,1,0.64659,1.00803,3.00803
A,step-11200,11200,4,2,0.26908,1.00803,3.00803
A,step-11200,11200,4,3,0.09237,1.00803,3.00803
A,step-11200,11200,8,1,0.62295,1.07377,3.07377
A,step-11200,11200,8,2,0.28689,1.07377,3.07377
A,step-11200,11200,8,3,0.10656,1.07377,3.07377
A,step-11200,11200,8,4,0.03279,1.07377,3.07377
A,step-11200,11200,8,5,0.0123,1.07377,3.07377
A,step-11200,11200,8,6,0.0082,1.07377,3.07377
A,step-11200,11200,8,7,0.0041,1.07377,3.07377
A,step-12800,12800,2,1,0.62007,0.62007,2.62007
A,step-12800,12800,4,1,0.62651,0.96787,2.96787
A,step-12800,12800,4,2,0.26908,0.96787,2.96787
A,step-12800,12800,4,3,0.07229,0.96787,2.96787
A,step-12800,12800,8,1,0.64315,1.08714,3.08714
A,step-12800,12800,8,2,0.29461,1.08714,3.08714
A,step-12800,12800,8,3,0.09129,1.08714,3.08714
A,step-12800,12800,8,4,0.04564,1.08714,3.08714
A,step-12800,12800,8,5,0.01245,1.08714,3.08714
A,step-12800,12800,8,6,0.0,1.08714,3.08714
A,step-12800,12800,8,7,0.0,1.08714,3.08714
control,untrained,0,2,1,0.16667,0.16667,2.16667
control,untrained,0,4,1,0.12903,0.13783,2.13783
control,untrained,0,4,2,0.0088,0.13783,2.13783
control,untrained,0,4,3,0.0,0.13783,2.13783
control,untrained,0,8,1,0.17365,0.17964,2.17964
control,untrained,0,8,2,0.00599,0.17964,2.17964
control,untrained,0,8,3,0.0,0.17964,2.17964
control,untrained,0,8,4,0.0,0.17964,2.17964
control,untrained,0,8,5,0.0,0.17964,2.17964
control,untrained,0,8,6,0.0,0.17964,2.17964
control,untrained,0,8,7,0.0,0.17964,2.17964
B,step-12800,12800,2,1,0.62007,0.62007,2.62007
B,step-12800,12800,4,1,0.62651,0.96787,2.96787
B,step-12800,12800,4,2,0.26908,0.96787,2.96787
B,step-12800,12800,4,3,0.07229,0.96787,2.96787
B,step-12800,12800,8,1,0.64315,1.08714,3.08714
B,step-12800,12800,8,2,0.29461,1.08714,3.08714
B,step-12800,12800,8,3,0.09129,1.08714,3.08714
B,step-12800,12800,8,4,0.04564,1.08714,3.08714
B,step-12800,12800,8,5,0.01245,1.08714,3.08714
B,step-12800,12800,8,6,0.0,1.08714,3.08714
B,step-12800,12800,8,7,0.0,1.08714,3.08714
B1,B1-13200,13200,2,1,0.59929,0.59929,2.59929
B1,B1-13200,13200,4,1,0.61355,0.9761,2.9761
B1,B1-13200,13200,4,2,0.29084,0.9761,2.9761
B1,B1-13200,13200,4,3,0.07171,0.9761,2.9761
B1,B1-13200,13200,8,1,0.62917,1.09583,3.09583
B1,B1-13200,13200,8,2,0.32917,1.09583,3.09583
B1,B1-13200,13200,8,3,0.09167,1.09583,3.09583
B1,B1-13200,13200,8,4,0.04167,1.09583,3.09583
B1,B1-13200,13200,8,5,0.00417,1.09583,3.09583
B1,B1-13200,13200,8,6,0.0,1.09583,3.09583
B1,B1-13200,13200,8,7,0.0,1.09583,3.09583
B1,B1-13600,13600,2,1,0.58451,0.58451,2.58451
B1,B1-13600,13600,4,1,0.5873,0.93254,2.93254
B1,B1-13600,13600,4,2,0.28175,0.93254,2.93254
B1,B1-13600,13600,4,3,0.06349,0.93254,2.93254
B1,B1-13600,13600,8,1,0.61728,1.08642,3.08642
B1,B1-13600,13600,8,2,0.31276,1.08642,3.08642
B1,B1-13600,13600,8,3,0.09465,1.08642,3.08642
B1,B1-13600,13600,8,4,0.04527,1.08642,3.08642
B1,B1-13600,13600,8,5,0.01646,1.08642,3.08642
B1,B1-13600,13600,8,6,0.0,1.08642,3.08642
B1,B1-13600,13600,8,7,0.0,1.08642,3.08642
B1,B1-14400,14400,2,1,0.59364,0.59364,2.59364
B1,B1-14400,14400,4,1,0.59036,0.96787,2.96787
B1,B1-14400,14400,4,2,0.28514,0.96787,2.96787
B1,B1-14400,14400,4,3,0.09237,0.96787,2.96787
B1,B1-14400,14400,8,1,0.59671,1.04938,3.04938
B1,B1-14400,14400,8,2,0.2716,1.04938,3.04938
B1,B1-14400,14400,8,3,0.107,1.04938,3.04938
B1,B1-14400,14400,8,4,0.05761,1.04938,3.04938
B1,B1-14400,14400,8,5,0.01646,1.04938,3.04938
B1,B1-14400,14400,8,6,0.0,1.04938,3.04938
B1,B1-14400,14400,8,7,0.0,1.04938,3.04938
B1,B1-16000,16000,2,1,0.61786,0.61786,2.61786
B1,B1-16000,16000,4,1,0.63934,1.05738,3.05738
B1,B1-16000,16000,4,2,0.30328,1.05738,3.05738
B1,B1-16000,16000,4,3,0.11475,1.05738,3.05738
B1,B1-16000,16000,8,1,0.59917,1.09917,3.09917
B1,B1-16000,16000,8,2,0.31818,1.09917,3.09917
B1,B1-16000,16000,8,3,0.11157,1.09917,3.09917
B1,B1-16000,16000,8,4,0.06198,1.09917,3.09917
B1,B1-16000,16000,8,5,0.00826,1.09917,3.09917
B1,B1-16000,16000,8,6,0.0,1.09917,3.09917
B1,B1-16000,16000,8,7,0.0,1.09917,3.09917
B2,B2k6-14400,14400,2,1,0.58304,0.58304,2.58304
B2,B2k6-14400,14400,4,1,0.60484,0.9879,2.9879
B2,B2k6-14400,14400,4,2,0.28629,0.9879,2.9879
B2,B2k6-14400,14400,4,3,0.09677,0.9879,2.9879
B2,B2k6-14400,14400,8,1,0.59583,1.09583,3.09583
B2,B2k6-14400,14400,8,2,0.32917,1.09583,3.09583
B2,B2k6-14400,14400,8,3,0.10833,1.09583,3.09583
B2,B2k6-14400,14400,8,4,0.05,1.09583,3.09583
B2,B2k6-14400,14400,8,5,0.00833,1.09583,3.09583
B2,B2k6-14400,14400,8,6,0.00417,1.09583,3.09583
B2,B2k6-14400,14400,8,7,0.0,1.09583,3.09583
B2,B2k8-14800,14800,2,1,0.58657,0.58657,2.58657
B2,B2k8-14800,14800,4,1,0.59761,0.96016,2.96016
B2,B2k8-14800,14800,4,2,0.2749,0.96016,2.96016
B2,B2k8-14800,14800,4,3,0.08765,0.96016,2.96016
B2,B2k8-14800,14800,8,1,0.5935,1.03659,3.03659
B2,B2k8-14800,14800,8,2,0.29268,1.03659,3.03659
B2,B2k8-14800,14800,8,3,0.10569,1.03659,3.03659
B2,B2k8-14800,14800,8,4,0.04065,1.03659,3.03659
B2,B2k8-14800,14800,8,5,0.00407,1.03659,3.03659
B2,B2k8-14800,14800,8,6,0.0,1.03659,3.03659
B2,B2k8-14800,14800,8,7,0.0,1.03659,3.03659
B2,B2k8-16000,16000,2,1,0.62366,0.62366,2.62366
B2,B2k8-16000,16000,4,1,0.62705,1.04508,3.04508
B2,B2k8-16000,16000,4,2,0.31557,1.04508,3.04508
B2,B2k8-16000,16000,4,3,0.10246,1.04508,3.04508
B2,B2k8-16000,16000,8,1,0.63025,1.14286,3.14286
B2,B2k8-16000,16000,8,2,0.32773,1.14286,3.14286
B2,B2k8-16000,16000,8,3,0.10924,1.14286,3.14286
B2,B2k8-16000,16000,8,4,0.05882,1.14286,3.14286
B2,B2k8-16000,16000,8,5,0.01261,1.14286,3.14286
B2,B2k8-16000,16000,8,6,0.0042,1.14286,3.14286
B2,B2k8-16000,16000,8,7,0.0,1.14286,3.14286
